{
  "train_loss": [
    5.672810230255127,
    2.1874320220947268,
    1.2830712207158406,
    1.5856591987609863,
    1.2493987671534221,
    1.013952522277832,
    1.108391342163086,
    1.0559451945622762,
    0.9913766654332479,
    0.9651591777801514,
    0.9844830258687337,
    1.0610351181030273,
    0.9447165664037068,
    1.0036720291773478,
    0.9499019543329875,
    0.8621077728271485,
    0.9254045216242472,
    0.9502498602867127,
    0.8979957842826843,
    0.8610331726074218,
    0.8925716352462768,
    0.9490799283981324,
    0.8668611613909404,
    0.8530497527122498,
    0.9279649980862935,
    0.8232885225613912,
    0.7658730014165243,
    0.793457551797231,
    0.8137674578030905,
    0.8558575304349264,
    0.708809335231781,
    0.7579297002156575,
    0.71642449537913,
    0.8247500475247701,
    0.6798995033899943,
    0.7327954451243083,
    0.6562460565567017,
    0.6311880771319072,
    0.6276651851336161,
    0.5916822218894958,
    0.5927069115638733,
    0.6030662552515665,
    0.5522385287284851,
    0.5693680469195048,
    0.5394961476325989,
    0.4970409115155538,
    0.498436195453008,
    0.4829747239748637,
    0.43826310873031615,
    0.47229642629623414,
    0.5234368503093719,
    0.40708335717519123,
    0.42292722741762795,
    0.37120904445648195,
    0.39030242800712583,
    0.3792762871583303,
    0.3563408946990967,
    0.39384334087371825,
    0.3356134217977524,
    0.35348575909932456,
    0.3028771976629893,
    0.2894310090939204,
    0.22771416028340657,
    0.1914372456073761,
    0.18098939299583436,
    0.1547512185573578,
    0.1607346765200297,
    0.2351802166302999,
    0.15541252255439758,
    0.22227568328380584,
    0.11644444833199183,
    0.11964731961488724,
    0.12810338238875071,
    0.09015088190635046,
    0.08898812512556711,
    0.06781743437051774,
    0.05351819187402725,
    0.06305261890093486,
    0.06300104280312856,
    0.03827061673005422,
    0.027378797853986423,
    0.11636606593926747,
    0.031238825966914494,
    0.049409040361642835,
    0.03709509717921416,
    0.022925777137279512,
    0.026863927493492763,
    0.0290118141969045,
    0.02606476510564486,
    0.017094465146462123,
    0.01907666544119517,
    0.02198039506872495,
    0.022628300040960312,
    0.029628419876098634,
    0.0325634844104449,
    0.01995678232361873,
    0.016994061196843782,
    0.02180581693847974,
    0.02011727267255386,
    0.030720591321587564
  ],
  "train_acc": [
    32.0,
    45.333333333333336,
    42.666666666666664,
    37.333333333333336,
    45.333333333333336,
    48.333333333333336,
    49.0,
    46.0,
    49.666666666666664,
    47.666666666666664,
    52.666666666666664,
    48.666666666666664,
    53.333333333333336,
    51.666666666666664,
    55.0,
    57.333333333333336,
    57.666666666666664,
    53.333333333333336,
    55.666666666666664,
    59.333333333333336,
    54.666666666666664,
    55.333333333333336,
    62.666666666666664,
    61.0,
    55.0,
    58.666666666666664,
    65.66666666666667,
    66.0,
    60.333333333333336,
    60.333333333333336,
    70.0,
    66.33333333333333,
    67.0,
    64.0,
    67.66666666666667,
    68.66666666666667,
    70.0,
    71.33333333333333,
    73.0,
    75.33333333333333,
    76.66666666666667,
    71.66666666666667,
    76.66666666666667,
    76.0,
    76.0,
    81.66666666666667,
    79.66666666666667,
    81.0,
    83.66666666666667,
    81.0,
    77.0,
    84.0,
    83.0,
    86.0,
    83.33333333333333,
    86.33333333333333,
    87.0,
    85.33333333333333,
    86.0,
    88.0,
    87.66666666666667,
    90.33333333333333,
    91.0,
    93.0,
    93.0,
    95.33333333333333,
    95.66666666666667,
    92.0,
    94.0,
    93.0,
    96.33333333333333,
    96.33333333333333,
    96.0,
    96.66666666666667,
    96.33333333333333,
    98.66666666666667,
    98.66666666666667,
    98.0,
    98.0,
    98.33333333333333,
    99.66666666666667,
    97.0,
    99.66666666666667,
    98.66666666666667,
    99.0,
    99.66666666666667,
    99.66666666666667,
    99.33333333333333,
    99.66666666666667,
    99.33333333333333,
    99.66666666666667,
    99.66666666666667,
    99.66666666666667,
    99.33333333333333,
    99.33333333333333,
    99.66666666666667,
    100.0,
    99.66666666666667,
    100.0,
    99.0
  ],
  "val_acc": [
    32.333333333333336,
    35.0,
    39.0,
    39.0,
    38.333333333333336,
    37.333333333333336,
    43.666666666666664,
    42.666666666666664,
    48.666666666666664,
    44.0,
    44.333333333333336,
    45.333333333333336,
    45.0,
    46.0,
    45.0,
    39.666666666666664,
    45.0,
    42.333333333333336,
    50.333333333333336,
    46.333333333333336,
    47.666666666666664,
    48.666666666666664,
    48.666666666666664,
    49.333333333333336,
    48.333333333333336,
    49.0,
    52.0,
    54.0,
    44.0,
    54.666666666666664,
    52.0,
    53.666666666666664,
    55.0,
    53.333333333333336,
    56.0,
    53.0,
    51.0,
    52.0,
    47.333333333333336,
    49.666666666666664,
    51.333333333333336,
    52.666666666666664,
    52.666666666666664,
    52.666666666666664,
    54.666666666666664,
    50.333333333333336,
    54.666666666666664,
    53.0,
    53.0,
    55.0,
    55.666666666666664,
    54.0,
    53.0,
    54.0,
    52.666666666666664,
    55.333333333333336,
    55.333333333333336,
    56.0,
    55.666666666666664,
    53.666666666666664,
    55.666666666666664,
    58.0,
    57.0,
    58.0,
    58.666666666666664,
    56.333333333333336,
    57.0,
    56.666666666666664,
    53.333333333333336,
    58.666666666666664,
    61.333333333333336,
    58.0,
    56.333333333333336,
    57.666666666666664,
    58.333333333333336,
    56.333333333333336,
    57.666666666666664,
    58.333333333333336,
    58.666666666666664,
    60.0,
    60.0,
    58.333333333333336,
    60.666666666666664,
    58.0,
    60.666666666666664,
    62.0,
    61.333333333333336,
    62.333333333333336,
    60.666666666666664,
    61.666666666666664,
    62.0,
    61.666666666666664,
    61.0,
    60.333333333333336,
    61.0,
    61.333333333333336,
    61.666666666666664,
    62.333333333333336,
    62.333333333333336,
    62.0
  ],